make,aspiration,num-of-doors,body-style,drive-wheels,engine-location,wheel-base,length,width,height,curb-weight,engine-type,num-of-cylinders,engine-size,fuel-system,bore,stroke,compression-ratio,horsepower,peak-rpm,highway-mpg,price
alfa-romero,std,two,convertible,rwd,front,88.6,0.811148486,0.890277778,48.8,2548,dohc,four,130,mpfi,3.47,2.68,9,111,5000,27,13495
alfa-romero,std,two,convertible,rwd,front,88.6,0.811148486,0.890277778,48.8,2548,dohc,four,130,mpfi,3.47,2.68,9,111,5000,27,16500
alfa-romero,std,two,hatchback,rwd,front,94.5,0.822681403,0.909722222,52.4,2823,ohcv,six,152,mpfi,2.68,3.47,9,154,5000,26,16500
audi,std,four,sedan,fwd,front,99.8,0.848630466,0.919444444,54.3,2337,ohc,four,109,mpfi,3.19,3.4,10,102,5500,30,13950
audi,std,four,sedan,4wd,front,99.4,0.848630466,0.922222222,54.3,2824,ohc,five,136,mpfi,3.19,3.4,8,115,5500,22,17450
audi,std,two,sedan,fwd,front,99.8,0.851994234,0.920833333,53.1,2507,ohc,five,136,mpfi,3.19,3.4,8.5,110,5500,25,15250
audi,std,four,sedan,fwd,front,105.8,0.925997117,0.991666667,55.7,2844,ohc,five,136,mpfi,3.19,3.4,8.5,110,5500,25,17710
audi,std,four,wagon,fwd,front,105.8,0.925997117,0.991666667,55.7,2954,ohc,five,136,mpfi,3.19,3.4,8.5,110,5500,25,18920
audi,turbo,four,sedan,fwd,front,105.8,0.925997117,0.991666667,55.9,3086,ohc,five,131,mpfi,3.13,3.4,8.3,140,5500,20,23875
bmw,std,two,sedan,rwd,front,101.2,0.849591543,0.9,54.3,2395,ohc,four,108,mpfi,3.5,2.8,8.8,101,5800,29,16430
bmw,std,four,sedan,rwd,front,101.2,0.849591543,0.9,54.3,2395,ohc,four,108,mpfi,3.5,2.8,8.8,101,5800,29,16925
bmw,std,two,sedan,rwd,front,101.2,0.849591543,0.9,54.3,2710,ohc,six,164,mpfi,3.31,3.19,9,121,4250,28,20970
bmw,std,four,sedan,rwd,front,101.2,0.849591543,0.9,54.3,2765,ohc,six,164,mpfi,3.31,3.19,9,121,4250,28,21105
bmw,std,four,sedan,rwd,front,103.5,0.908217203,0.929166667,55.7,3055,ohc,six,164,mpfi,3.31,3.19,9,121,4250,25,24565
bmw,std,four,sedan,rwd,front,103.5,0.908217203,0.929166667,55.7,3230,ohc,six,209,mpfi,3.62,3.39,8,182,5400,22,30760
bmw,std,two,sedan,rwd,front,103.5,0.931283037,0.943055556,53.7,3380,ohc,six,209,mpfi,3.62,3.39,8,182,5400,22,41315
bmw,std,four,sedan,rwd,front,110,0.946660259,0.984722222,56.3,3505,ohc,six,209,mpfi,3.62,3.39,8,182,5400,20,36880
chevrolet,std,two,hatchback,fwd,front,88.4,0.678039404,0.8375,53.2,1488,l,three,61,2bbl,2.91,3.03,9.5,48,5100,53,5151
chevrolet,std,two,hatchback,fwd,front,94.5,0.749159058,0.883333333,52,1874,ohc,four,90,2bbl,3.03,3.11,9.6,70,5400,43,6295
chevrolet,std,four,sedan,fwd,front,94.5,0.763094666,0.883333333,52,1909,ohc,four,90,2bbl,3.03,3.11,9.6,70,5400,43,6575
dodge,std,two,hatchback,fwd,front,93.7,0.755886593,0.886111111,50.8,1876,ohc,four,90,2bbl,2.97,3.23,9.41,68,5500,41,5572
dodge,std,two,hatchback,fwd,front,93.7,0.755886593,0.886111111,50.8,1876,ohc,four,90,2bbl,2.97,3.23,9.4,68,5500,38,6377
dodge,turbo,two,hatchback,fwd,front,93.7,0.755886593,0.886111111,50.8,2128,ohc,four,98,mpfi,3.03,3.39,7.6,102,5500,30,7957
dodge,std,four,hatchback,fwd,front,93.7,0.755886593,0.886111111,50.6,1967,ohc,four,90,2bbl,2.97,3.23,9.4,68,5500,38,6229
dodge,std,four,sedan,fwd,front,93.7,0.755886593,0.886111111,50.6,1989,ohc,four,90,2bbl,2.97,3.23,9.4,68,5500,38,6692
dodge,std,four,sedan,fwd,front,93.7,0.755886593,0.886111111,50.6,1989,ohc,four,90,2bbl,2.97,3.23,9.4,68,5500,38,7609
dodge,turbo,,sedan,fwd,front,93.7,0.755886593,0.886111111,50.6,2191,ohc,four,98,mpfi,3.03,3.39,7.6,102,5500,30,8558
dodge,std,four,wagon,fwd,front,103.3,0.839019702,0.897222222,59.8,2535,ohc,four,122,2bbl,3.34,3.46,8.5,88,5000,30,8921
dodge,turbo,two,hatchback,fwd,front,95.9,0.832292167,0.920833333,50.2,2811,ohc,four,156,mfi,3.6,3.9,7,145,5000,24,12964
honda,std,two,hatchback,fwd,front,86.6,0.694858241,0.8875,50.8,1713,ohc,four,92,1bbl,2.91,3.41,9.6,58,4800,54,6479
honda,std,two,hatchback,fwd,front,86.6,0.694858241,0.8875,50.8,1819,ohc,four,92,1bbl,2.91,3.41,9.2,76,6000,38,6855
honda,std,two,hatchback,fwd,front,93.7,0.720807304,0.888888889,52.6,1837,ohc,four,79,1bbl,2.91,3.07,10.1,60,5500,42,5399
honda,std,two,hatchback,fwd,front,93.7,0.720807304,0.888888889,52.6,1940,ohc,four,92,1bbl,2.91,3.41,9.2,76,6000,34,6529
honda,std,two,hatchback,fwd,front,93.7,0.720807304,0.888888889,52.6,1956,ohc,four,92,1bbl,2.91,3.41,9.2,76,6000,34,7129
honda,std,four,sedan,fwd,front,96.5,0.785199423,0.888888889,54.5,2010,ohc,four,92,1bbl,2.91,3.41,9.2,76,6000,34,7295
honda,std,four,wagon,fwd,front,96.5,0.754925517,0.8875,58.3,2024,ohc,four,92,1bbl,2.92,3.41,9.2,76,6000,34,7295
honda,std,two,hatchback,fwd,front,96.5,0.80490149,0.905555556,53.3,2236,ohc,four,110,1bbl,3.15,3.58,9,86,5800,33,7895
honda,std,two,hatchback,fwd,front,96.5,0.80490149,0.905555556,53.3,2289,ohc,four,110,1bbl,3.15,3.58,9,86,5800,33,9095
honda,std,four,sedan,fwd,front,96.5,0.842864008,0.905555556,54.1,2304,ohc,four,110,1bbl,3.15,3.58,9,86,5800,33,8845
honda,std,four,sedan,fwd,front,96.5,0.842864008,0.868055556,54.1,2372,ohc,four,110,1bbl,3.15,3.58,9,86,5800,33,10295
honda,std,four,sedan,fwd,front,96.5,0.842864008,0.905555556,54.1,2465,ohc,four,110,mpfi,3.15,3.58,9,101,5800,28,12945
honda,std,two,sedan,fwd,front,96.5,0.812590101,0.916666667,51,2293,ohc,four,110,2bbl,3.15,3.58,9.1,100,5500,31,10345
isuzu,std,four,sedan,rwd,front,94.3,0.820278712,0.858333333,53.5,2337,ohc,four,111,2bbl,3.31,3.23,8.5,78,4800,29,6785
isuzu,std,two,hatchback,rwd,front,96,0.829408938,0.905555556,51.4,2734,ohc,four,119,spfi,3.43,3.23,9.2,90,5000,29,11048
jaguar,std,four,sedan,rwd,front,113,0.959154253,0.966666667,52.8,4066,dohc,six,258,mpfi,3.63,4.17,8.1,176,4750,19,32250
jaguar,std,four,sedan,rwd,front,113,0.959154253,0.966666667,52.8,4066,dohc,six,258,mpfi,3.63,4.17,8.1,176,4750,19,35550
jaguar,std,two,sedan,rwd,front,102,0.921191735,0.980555556,47.8,3950,ohcv,twelve,326,mpfi,3.54,2.76,11.5,262,5000,17,36000
mazda,std,two,hatchback,fwd,front,93.1,0.764536281,0.891666667,54.1,1890,ohc,four,91,2bbl,3.03,3.15,9,68,5000,31,5195
mazda,std,two,hatchback,fwd,front,93.1,0.764536281,0.891666667,54.1,1900,ohc,four,91,2bbl,3.03,3.15,9,68,5000,38,6095
mazda,std,two,hatchback,fwd,front,93.1,0.764536281,0.891666667,54.1,1905,ohc,four,91,2bbl,3.03,3.15,9,68,5000,38,6795
mazda,std,four,sedan,fwd,front,93.1,0.801537722,0.891666667,54.1,1945,ohc,four,91,2bbl,3.03,3.15,9,68,5000,38,6695
mazda,std,four,sedan,fwd,front,93.1,0.801537722,0.891666667,54.1,1950,ohc,four,91,2bbl,3.08,3.15,9,68,5000,38,7395
mazda,std,two,hatchback,rwd,front,95.3,0.812109563,0.9125,49.6,2380,rotor,two,70,4bbl,3.33071066,,9.4,101,6000,23,10945
mazda,std,two,hatchback,rwd,front,95.3,0.812109563,0.9125,49.6,2380,rotor,two,70,4bbl,3.33071066,,9.4,101,6000,23,11845
mazda,std,two,hatchback,rwd,front,95.3,0.812109563,0.9125,49.6,2385,rotor,two,70,4bbl,3.33071066,,9.4,101,6000,23,13645
mazda,std,two,hatchback,rwd,front,95.3,0.812109563,0.9125,49.6,2500,rotor,two,80,mpfi,3.33071066,,9.4,135,6000,23,15645
mazda,std,two,hatchback,fwd,front,98.8,0.854396925,0.923611111,53.7,2385,ohc,four,122,2bbl,3.39,3.39,8.6,84,4800,32,8845
mazda,std,four,sedan,fwd,front,98.8,0.854396925,0.923611111,55.5,2410,ohc,four,122,2bbl,3.39,3.39,8.6,84,4800,32,8495
mazda,std,two,hatchback,fwd,front,98.8,0.854396925,0.923611111,53.7,2385,ohc,four,122,2bbl,3.39,3.39,8.6,84,4800,32,10595
mazda,std,four,sedan,fwd,front,98.8,0.854396925,0.923611111,55.5,2410,ohc,four,122,2bbl,3.39,3.39,8.6,84,4800,32,10245
mazda,std,,sedan,fwd,front,98.8,0.854396925,0.923611111,55.5,2443,ohc,four,122,idi,3.39,3.39,22.7,64,4650,42,10795
mazda,std,four,hatchback,fwd,front,98.8,0.854396925,0.923611111,55.5,2425,ohc,four,122,2bbl,3.39,3.39,8.6,84,4800,32,11245
mazda,std,four,sedan,rwd,front,104.9,0.840941855,0.918055556,54.4,2670,ohc,four,140,mpfi,3.76,3.16,8,120,5000,27,18280
mazda,std,four,sedan,rwd,front,104.9,0.840941855,0.918055556,54.4,2700,ohc,four,134,idi,3.43,3.64,22,72,4200,39,18344
mercedes-benz,turbo,four,sedan,rwd,front,110,0.917347429,0.976388889,56.5,3515,ohc,five,183,idi,3.58,3.64,21.5,123,4350,25,25552
mercedes-benz,turbo,four,wagon,rwd,front,110,0.917347429,0.976388889,58.7,3750,ohc,five,183,idi,3.58,3.64,21.5,123,4350,25,28248
mercedes-benz,turbo,two,hardtop,rwd,front,106.7,0.90100913,0.976388889,54.9,3495,ohc,five,183,idi,3.58,3.64,21.5,123,4350,25,28176
mercedes-benz,turbo,four,sedan,rwd,front,115.6,0.973570399,0.995833333,56.3,3770,ohc,five,183,idi,3.58,3.64,21.5,123,4350,25,31600
mercedes-benz,std,four,sedan,rwd,front,115.6,0.973570399,0.995833333,56.5,3740,ohcv,eight,234,mpfi,3.46,3.1,8.3,155,4750,18,34184
mercedes-benz,std,two,convertible,rwd,front,96.6,0.86641038,0.979166667,50.8,3685,ohcv,eight,234,mpfi,3.46,3.1,8.3,155,4750,18,35056
mercedes-benz,std,four,sedan,rwd,front,120.9,1,0.995833333,56.7,3900,ohcv,eight,308,mpfi,3.8,3.35,8,184,4500,16,40960
mercedes-benz,std,two,hardtop,rwd,front,112,0.9572321,1,55.4,3715,ohcv,eight,304,mpfi,3.8,3.35,8,184,4500,16,45400
mercury,turbo,two,hatchback,rwd,front,102.7,0.857280154,0.944444444,54.8,2910,ohc,four,140,mpfi,3.78,3.12,8,175,5000,24,16503
mitsubishi,std,two,hatchback,fwd,front,93.7,0.755886593,0.894444444,50.8,1918,ohc,four,92,2bbl,2.97,3.23,9.4,68,5500,41,5389
mitsubishi,std,two,hatchback,fwd,front,93.7,0.755886593,0.894444444,50.8,1944,ohc,four,92,2bbl,2.97,3.23,9.4,68,5500,38,6189
mitsubishi,std,two,hatchback,fwd,front,93.7,0.755886593,0.894444444,50.8,2004,ohc,four,92,2bbl,2.97,3.23,9.4,68,5500,38,6669
mitsubishi,turbo,two,hatchback,fwd,front,93,0.755886593,0.886111111,50.8,2145,ohc,four,98,spdi,3.03,3.39,7.6,102,5500,30,7689
mitsubishi,turbo,two,hatchback,fwd,front,96.3,0.831331091,0.908333333,49.4,2370,ohc,four,110,spdi,3.17,3.46,7.5,116,5500,30,9959
mitsubishi,std,two,hatchback,fwd,front,96.3,0.831331091,0.908333333,49.4,2328,ohc,four,122,2bbl,3.35,3.46,8.5,88,5000,32,8499
mitsubishi,turbo,two,hatchback,fwd,front,95.9,0.832292167,0.920833333,50.2,2833,ohc,four,156,spdi,3.58,3.86,7,145,5000,24,12629
mitsubishi,turbo,two,hatchback,fwd,front,95.9,0.832292167,0.920833333,50.2,2921,ohc,four,156,spdi,3.59,3.86,7,145,5000,24,14869
mitsubishi,turbo,two,hatchback,fwd,front,95.9,0.832292167,0.920833333,50.2,2926,ohc,four,156,spdi,3.59,3.86,7,145,5000,24,14489
mitsubishi,std,four,sedan,fwd,front,96.3,0.828447862,0.908333333,51.6,2365,ohc,four,122,2bbl,3.35,3.46,8.5,88,5000,32,6989
mitsubishi,std,four,sedan,fwd,front,96.3,0.828447862,0.908333333,51.6,2405,ohc,four,122,2bbl,3.35,3.46,8.5,88,5000,32,8189
mitsubishi,turbo,four,sedan,fwd,front,96.3,0.828447862,0.908333333,51.6,2403,ohc,four,110,spdi,3.17,3.46,7.5,116,5500,30,9279
mitsubishi,std,four,sedan,fwd,front,96.3,0.828447862,0.908333333,51.6,2403,ohc,four,110,spdi,3.17,3.46,7.5,116,5500,30,9279
nissan,std,two,sedan,fwd,front,94.5,0.794329649,0.886111111,54.5,1889,ohc,four,97,2bbl,3.15,3.29,9.4,69,5200,37,5499
nissan,std,two,sedan,fwd,front,94.5,0.794329649,0.886111111,54.5,2017,ohc,four,103,idi,2.99,3.47,21.9,55,4800,50,7099
nissan,std,two,sedan,fwd,front,94.5,0.794329649,0.886111111,54.5,1918,ohc,four,97,2bbl,3.15,3.29,9.4,69,5200,37,6649
nissan,std,four,sedan,fwd,front,94.5,0.794329649,0.886111111,54.5,1938,ohc,four,97,2bbl,3.15,3.29,9.4,69,5200,37,6849
nissan,std,four,wagon,fwd,front,94.5,0.817876021,0.886111111,53.5,2024,ohc,four,97,2bbl,3.15,3.29,9.4,69,5200,37,7349
nissan,std,two,sedan,fwd,front,94.5,0.794329649,0.886111111,54.5,1951,ohc,four,97,2bbl,3.15,3.29,9.4,69,5200,37,7299
nissan,std,two,hatchback,fwd,front,94.5,0.795771264,0.886111111,53.3,2028,ohc,four,97,2bbl,3.15,3.29,9.4,69,5200,37,7799
nissan,std,four,sedan,fwd,front,94.5,0.794329649,0.886111111,54.5,1971,ohc,four,97,2bbl,3.15,3.29,9.4,69,5200,37,7499
nissan,std,four,wagon,fwd,front,94.5,0.817876021,0.886111111,53.5,2037,ohc,four,97,2bbl,3.15,3.29,9.4,69,5200,37,7999
nissan,std,two,hardtop,fwd,front,95.1,0.780394041,0.886111111,53.3,2008,ohc,four,97,2bbl,3.15,3.29,9.4,69,5200,37,8249
nissan,std,four,hatchback,fwd,front,97.2,0.833253244,0.905555556,54.7,2324,ohc,four,120,2bbl,3.33,3.47,8.5,97,5200,34,8949
nissan,std,four,sedan,fwd,front,97.2,0.833253244,0.905555556,54.7,2302,ohc,four,120,2bbl,3.33,3.47,8.5,97,5200,34,9549
nissan,std,four,sedan,fwd,front,100.4,0.873137914,0.923611111,55.1,3095,ohcv,six,181,mpfi,3.43,3.27,9,152,5200,22,13499
nissan,std,four,wagon,fwd,front,100.4,0.887073522,0.923611111,56.1,3296,ohcv,six,181,mpfi,3.43,3.27,9,152,5200,22,14399
nissan,std,four,sedan,fwd,front,100.4,0.887073522,0.923611111,55.1,3060,ohcv,six,181,mpfi,3.43,3.27,9,152,5200,25,13499
nissan,std,two,hatchback,rwd,front,91.3,0.820278712,0.943055556,49.7,3071,ohcv,six,181,mpfi,3.43,3.27,9,160,5200,25,17199
nissan,turbo,two,hatchback,rwd,front,91.3,0.820278712,0.943055556,49.7,3139,ohcv,six,181,mpfi,3.43,3.27,7.8,200,5200,23,19699
nissan,std,two,hatchback,rwd,front,99.2,0.857760692,0.943055556,49.7,3139,ohcv,six,181,mpfi,3.43,3.27,9,160,5200,25,18399
peugot,std,four,sedan,rwd,front,107.9,0.897164825,0.95,56.7,3020,l,four,120,mpfi,3.46,3.19,8.4,97,5000,24,11900
peugot,turbo,four,sedan,rwd,front,107.9,0.897164825,0.95,56.7,3197,l,four,152,idi,3.7,3.52,21,95,4150,33,13200
peugot,std,four,wagon,rwd,front,114.2,0.955790485,0.95,58.7,3230,l,four,120,mpfi,3.46,3.19,8.4,97,5000,24,12440
peugot,turbo,four,wagon,rwd,front,114.2,0.955790485,0.95,58.7,3430,l,four,152,idi,3.7,3.52,21,95,4150,25,13860
peugot,std,four,sedan,rwd,front,107.9,0.897164825,0.95,56.7,3075,l,four,120,mpfi,3.46,2.19,8.4,95,5000,24,15580
peugot,turbo,four,sedan,rwd,front,107.9,0.897164825,0.95,56.7,3252,l,four,152,idi,3.7,3.52,21,95,4150,33,16900
peugot,std,four,wagon,rwd,front,114.2,0.955790485,0.95,56.7,3285,l,four,120,mpfi,3.46,2.19,8.4,95,5000,24,16695
peugot,turbo,four,wagon,rwd,front,114.2,0.955790485,0.95,58.7,3485,l,four,152,idi,3.7,3.52,21,95,4150,25,17075
peugot,std,four,sedan,rwd,front,107.9,0.897164825,0.95,56.7,3075,l,four,120,mpfi,3.46,3.19,8.4,97,5000,24,16630
peugot,turbo,four,sedan,rwd,front,107.9,0.897164825,0.95,56.7,3252,l,four,152,idi,3.7,3.52,21,95,4150,33,17950
peugot,turbo,four,sedan,rwd,front,108,0.897164825,0.948611111,56,3130,l,four,134,mpfi,3.61,3.21,7,142,5600,24,18150
plymouth,std,two,hatchback,fwd,front,93.7,0.755886593,0.886111111,50.8,1918,ohc,four,90,2bbl,2.97,3.23,9.4,68,5500,41,5572
plymouth,turbo,two,hatchback,fwd,front,93.7,0.755886593,0.886111111,50.8,2128,ohc,four,98,spdi,3.03,3.39,7.6,102,5500,30,7957
plymouth,std,four,hatchback,fwd,front,93.7,0.755886593,0.886111111,50.6,1967,ohc,four,90,2bbl,2.97,3.23,9.4,68,5500,38,6229
plymouth,std,four,sedan,fwd,front,93.7,0.803940413,0.886111111,50.8,1989,ohc,four,90,2bbl,2.97,3.23,9.4,68,5500,38,6692
plymouth,std,four,sedan,fwd,front,93.7,0.803940413,0.886111111,50.8,2191,ohc,four,98,2bbl,2.97,3.23,9.4,68,5500,38,7609
plymouth,std,four,wagon,fwd,front,103.3,0.839019702,0.897222222,59.8,2535,ohc,four,122,2bbl,3.35,3.46,8.5,88,5000,30,8921
plymouth,turbo,two,hatchback,rwd,front,95.9,0.832292167,0.920833333,50.2,2818,ohc,four,156,spdi,3.59,3.86,7,145,5000,24,12764
porsche,std,two,hatchback,rwd,front,94.5,0.811629025,0.948611111,50.2,2778,ohc,four,151,mpfi,3.94,3.11,9.5,143,5500,27,22018
porsche,std,two,hardtop,rwd,rear,89.5,0.811629025,0.902777778,51.6,2756,ohcf,six,194,mpfi,3.74,2.9,9.5,207,5900,25,32528
porsche,std,two,hardtop,rwd,rear,89.5,0.811629025,0.902777778,51.6,2756,ohcf,six,194,mpfi,3.74,2.9,9.5,207,5900,25,34028
porsche,std,two,convertible,rwd,rear,89.5,0.811629025,0.902777778,51.6,2800,ohcf,six,194,mpfi,3.74,2.9,9.5,207,5900,25,37028
renault,std,four,wagon,fwd,front,96.1,0.872176838,0.923611111,55.2,2579,ohc,four,132,mpfi,3.46,3.9,8.7,,,31,9295
renault,std,two,hatchback,fwd,front,96.1,0.849591543,0.925,50.5,2460,ohc,four,132,mpfi,3.46,3.9,8.7,,,31,9895
saab,std,two,hatchback,fwd,front,99.1,0.896684286,0.923611111,56.1,2658,ohc,four,121,mpfi,3.54,3.07,9.31,110,5250,28,11850
saab,std,four,sedan,fwd,front,99.1,0.896684286,0.923611111,56.1,2695,ohc,four,121,mpfi,3.54,3.07,9.3,110,5250,28,12170
saab,std,two,hatchback,fwd,front,99.1,0.896684286,0.923611111,56.1,2707,ohc,four,121,mpfi,2.54,2.07,9.3,110,5250,28,15040
saab,std,four,sedan,fwd,front,99.1,0.896684286,0.923611111,56.1,2758,ohc,four,121,mpfi,3.54,3.07,9.3,110,5250,28,15510
saab,turbo,two,hatchback,fwd,front,99.1,0.896684286,0.923611111,56.1,2808,dohc,four,121,mpfi,3.54,3.07,9,160,5500,26,18150
saab,turbo,four,sedan,fwd,front,99.1,0.896684286,0.923611111,56.1,2847,dohc,four,121,mpfi,3.54,3.07,9,160,5500,26,18620
subaru,std,two,hatchback,fwd,front,93.7,0.75396444,0.880555556,53.7,2050,ohcf,four,97,2bbl,3.62,2.36,9,69,4900,36,5118
subaru,std,two,hatchback,fwd,front,93.7,0.758769822,0.883333333,53.7,2120,ohcf,four,108,2bbl,3.62,2.64,8.7,73,4400,31,7053
subaru,std,two,hatchback,4wd,front,93.3,0.755886593,0.886111111,55.7,2240,ohcf,four,108,2bbl,3.62,2.64,8.7,73,4400,31,7603
subaru,std,four,sedan,fwd,front,97.2,0.826525709,0.908333333,52.5,2145,ohcf,four,108,2bbl,3.62,2.64,9.5,82,4800,37,7126
subaru,std,four,sedan,fwd,front,97.2,0.826525709,0.908333333,52.5,2190,ohcf,four,108,2bbl,3.62,2.64,9.5,82,4400,33,7775
subaru,std,four,sedan,fwd,front,97.2,0.826525709,0.908333333,52.5,2340,ohcf,four,108,mpfi,3.62,2.64,9,94,5200,32,9960
subaru,std,four,sedan,4wd,front,97,0.826525709,0.908333333,54.3,2385,ohcf,four,108,2bbl,3.62,2.64,9,82,4800,25,9233
subaru,turbo,four,sedan,4wd,front,97,0.826525709,0.908333333,54.3,2510,ohcf,four,108,mpfi,3.62,2.64,7.7,111,4800,29,11259
subaru,std,four,wagon,fwd,front,97,0.833733782,0.908333333,53,2290,ohcf,four,108,2bbl,3.62,2.64,9,82,4800,32,7463
subaru,std,four,wagon,fwd,front,97,0.833733782,0.908333333,53,2455,ohcf,four,108,mpfi,3.62,2.64,9,94,5200,31,10198
subaru,std,four,wagon,4wd,front,96.9,0.83421432,0.908333333,54.9,2420,ohcf,four,108,2bbl,3.62,2.64,9,82,4800,29,8013
subaru,turbo,four,wagon,4wd,front,96.9,0.83421432,0.908333333,54.9,2650,ohcf,four,108,mpfi,3.62,2.64,7.7,111,4800,23,11694
toyota,std,two,hatchback,fwd,front,95.7,0.762614128,0.883333333,54.5,1985,ohc,four,92,2bbl,3.05,3.03,9,62,4800,39,5348
toyota,std,two,hatchback,fwd,front,95.7,0.762614128,0.883333333,54.5,2040,ohc,four,92,2bbl,3.05,3.03,9,62,4800,38,6338
toyota,std,four,hatchback,fwd,front,95.7,0.762614128,0.883333333,54.5,2015,ohc,four,92,2bbl,3.05,3.03,9,62,4800,38,6488
toyota,std,four,wagon,fwd,front,95.7,0.81547333,0.883333333,59.1,2280,ohc,four,92,2bbl,3.05,3.03,9,62,4800,37,6918
toyota,std,four,wagon,4wd,front,95.7,0.81547333,0.883333333,59.1,2290,ohc,four,92,2bbl,3.05,3.03,9,62,4800,32,7898
toyota,std,four,wagon,4wd,front,95.7,0.81547333,0.883333333,59.1,3110,ohc,four,92,2bbl,3.05,3.03,9,62,4800,32,8778
toyota,std,four,sedan,fwd,front,95.7,0.799135031,0.894444444,53,2081,ohc,four,98,2bbl,3.19,3.03,9,70,4800,37,6938
toyota,std,four,hatchback,fwd,front,95.7,0.799135031,0.894444444,52.8,2109,ohc,four,98,2bbl,3.19,3.03,9,70,4800,37,7198
toyota,std,four,sedan,fwd,front,95.7,0.799135031,0.894444444,53,2275,ohc,four,110,idi,3.27,3.35,22.5,56,4500,36,7898
toyota,std,four,hatchback,fwd,front,95.7,0.799135031,0.894444444,52.8,2275,ohc,four,110,idi,3.27,3.35,22.5,56,4500,47,7788
toyota,std,four,sedan,fwd,front,95.7,0.799135031,0.894444444,53,2094,ohc,four,98,2bbl,3.19,3.03,9,70,4800,47,7738
toyota,std,four,hatchback,fwd,front,95.7,0.799135031,0.894444444,52.8,2122,ohc,four,98,2bbl,3.19,3.03,9,70,4800,34,8358
toyota,std,four,sedan,fwd,front,95.7,0.799135031,0.894444444,52.8,2140,ohc,four,98,2bbl,3.19,3.03,9,70,4800,34,9258
toyota,std,two,sedan,rwd,front,94.5,0.810667948,0.888888889,52.6,2169,ohc,four,98,2bbl,3.19,3.03,9,70,4800,34,8058
toyota,std,two,hatchback,rwd,front,94.5,0.810667948,0.888888889,52.6,2204,ohc,four,98,2bbl,3.19,3.03,9,70,4800,34,8238
toyota,std,two,sedan,rwd,front,94.5,0.810667948,0.888888889,52.6,2265,dohc,four,98,mpfi,3.24,3.08,9.4,112,6600,29,9298
toyota,std,two,hatchback,rwd,front,94.5,0.810667948,0.888888889,52.6,2300,dohc,four,98,mpfi,3.24,3.08,9.4,112,6600,29,9538
toyota,std,two,hardtop,rwd,front,98.4,0.846708313,0.911111111,52,2540,ohc,four,146,mpfi,3.62,3.5,9.3,116,4800,30,8449
toyota,std,two,hardtop,rwd,front,98.4,0.846708313,0.911111111,52,2536,ohc,four,146,mpfi,3.62,3.5,9.3,116,4800,30,9639
toyota,std,two,hatchback,rwd,front,98.4,0.846708313,0.911111111,52,2551,ohc,four,146,mpfi,3.62,3.5,9.3,116,4800,30,9989
toyota,std,two,hardtop,rwd,front,98.4,0.846708313,0.911111111,52,2679,ohc,four,146,mpfi,3.62,3.5,9.3,116,4800,30,11199
toyota,std,two,hatchback,rwd,front,98.4,0.846708313,0.911111111,52,2714,ohc,four,146,mpfi,3.62,3.5,9.3,116,4800,30,11549
toyota,std,two,convertible,rwd,front,98.4,0.846708313,0.911111111,53,2975,ohc,four,146,mpfi,3.62,3.5,9.3,116,4800,30,17669
toyota,std,four,sedan,fwd,front,102.4,0.843825084,0.923611111,54.9,2326,ohc,four,122,mpfi,3.31,3.54,8.7,92,4200,34,8948
toyota,turbo,four,sedan,fwd,front,102.4,0.843825084,0.923611111,54.9,2480,ohc,four,110,idi,3.27,3.35,22.5,73,4500,33,10698
toyota,std,four,hatchback,fwd,front,102.4,0.843825084,0.923611111,53.9,2414,ohc,four,122,mpfi,3.31,3.54,8.7,92,4200,32,9988
toyota,std,four,sedan,fwd,front,102.4,0.843825084,0.923611111,54.9,2414,ohc,four,122,mpfi,3.31,3.54,8.7,92,4200,32,10898
toyota,std,four,hatchback,fwd,front,102.4,0.843825084,0.923611111,53.9,2458,ohc,four,122,mpfi,3.31,3.54,8.7,92,4200,32,11248
toyota,std,two,hatchback,rwd,front,102.9,0.881787602,0.940277778,52,2976,dohc,six,171,mpfi,3.27,3.35,9.3,161,5200,24,16558
toyota,std,two,hatchback,rwd,front,102.9,0.881787602,0.940277778,52,3016,dohc,six,171,mpfi,3.27,3.35,9.3,161,5200,24,15998
toyota,std,four,sedan,rwd,front,104.5,0.902450745,0.923611111,54.1,3131,dohc,six,171,mpfi,3.27,3.35,9.2,156,5200,24,15690
toyota,std,four,wagon,rwd,front,104.5,0.902450745,0.923611111,54.1,3151,dohc,six,161,mpfi,3.27,3.35,9.2,156,5200,24,15750
volkswagen,std,two,sedan,fwd,front,97.3,0.825084094,0.909722222,55.7,2261,ohc,four,97,idi,3.01,3.4,23,52,4800,46,7775
volkswagen,std,two,sedan,fwd,front,97.3,0.825084094,0.909722222,55.7,2209,ohc,four,109,mpfi,3.19,3.4,9,85,5250,34,7975
volkswagen,std,four,sedan,fwd,front,97.3,0.825084094,0.909722222,55.7,2264,ohc,four,97,idi,3.01,3.4,23,52,4800,46,7995
volkswagen,std,four,sedan,fwd,front,97.3,0.825084094,0.909722222,55.7,2212,ohc,four,109,mpfi,3.19,3.4,9,85,5250,34,8195
volkswagen,std,four,sedan,fwd,front,97.3,0.825084094,0.909722222,55.7,2275,ohc,four,109,mpfi,3.19,3.4,9,85,5250,34,8495
volkswagen,turbo,four,sedan,fwd,front,97.3,0.825084094,0.909722222,55.7,2319,ohc,four,97,idi,3.01,3.4,23,68,4500,42,9495
volkswagen,std,four,sedan,fwd,front,97.3,0.825084094,0.909722222,55.7,2300,ohc,four,109,mpfi,3.19,3.4,10,100,5500,32,9995
volkswagen,std,two,convertible,fwd,front,94.5,0.765497357,0.891666667,55.6,2254,ohc,four,109,mpfi,3.19,3.4,8.5,90,5500,29,11595
volkswagen,std,two,hatchback,fwd,front,94.5,0.796251802,0.888888889,51.4,2221,ohc,four,109,mpfi,3.19,3.4,8.5,90,5500,29,9980
volkswagen,std,four,sedan,fwd,front,100.4,0.865929841,0.929166667,55.1,2661,ohc,five,136,mpfi,3.19,3.4,8.5,110,5500,24,13295
volkswagen,turbo,four,sedan,fwd,front,100.4,0.865929841,0.929166667,55.1,2579,ohc,four,97,idi,3.01,3.4,23,68,4500,38,13845
volkswagen,std,four,wagon,fwd,front,100.4,0.879865449,0.929166667,55.1,2563,ohc,four,109,mpfi,3.19,3.4,9,88,5500,31,12290
volvo,std,four,sedan,rwd,front,104.3,0.907256127,0.933333333,56.2,2912,ohc,four,141,mpfi,3.78,3.15,9.5,114,5400,28,12940
volvo,std,four,wagon,rwd,front,104.3,0.907256127,0.933333333,57.5,3034,ohc,four,141,mpfi,3.78,3.15,9.5,114,5400,28,13415
volvo,std,four,sedan,rwd,front,104.3,0.907256127,0.933333333,56.2,2935,ohc,four,141,mpfi,3.78,3.15,9.5,114,5400,28,15985
volvo,std,four,wagon,rwd,front,104.3,0.907256127,0.933333333,57.5,3042,ohc,four,141,mpfi,3.78,3.15,9.5,114,5400,28,16515
volvo,turbo,four,sedan,rwd,front,104.3,0.907256127,0.933333333,56.2,3045,ohc,four,130,mpfi,3.62,3.15,7.5,162,5100,22,18420
volvo,turbo,four,wagon,rwd,front,104.3,0.907256127,0.933333333,57.5,3157,ohc,four,130,mpfi,3.62,3.15,7.5,162,5100,22,18950
volvo,std,four,sedan,rwd,front,109.1,0.907256127,0.956944444,55.5,2952,ohc,four,141,mpfi,3.78,3.15,9.5,114,5400,28,16845
volvo,turbo,four,sedan,rwd,front,109.1,0.907256127,0.955555556,55.5,3049,ohc,four,141,mpfi,3.78,3.15,8.7,160,5300,25,19045
volvo,std,four,sedan,rwd,front,109.1,0.907256127,0.956944444,55.5,3012,ohcv,six,173,mpfi,3.58,2.87,8.8,134,5500,23,21485
volvo,turbo,four,sedan,rwd,front,109.1,0.907256127,0.956944444,55.5,3217,ohc,six,145,idi,3.01,3.4,23,106,4800,27,22470
volvo,turbo,four,sedan,rwd,front,109.1,0.907256127,0.956944444,55.5,3062,ohc,four,141,mpfi,3.78,3.15,9.5,114,5400,25,22625
